{
  "recommended_threshold": 0.6092307692307692,
  "target_coverage": 0.7,
  "estimated_coverage": 0.7101449275362319,
  "estimated_accuracy": 0.8163265306122449,
  "estimated_macro_f1": 0.6182795698924731,
  "abstain_rule": "abstain if max_proba < threshold OR (disagree_across_models and max_proba < threshold+0.05)"
}