{
  "accuracy": 0.7391304347826086,
  "macro_f1": 0.613977613977614,
  "ece": 0.09578232980423199,
  "brier": 0.3717283066397376,
  "labels": [
    "ai",
    "human",
    "post_edited_ai"
  ],
  "confusion_matrix": [
    [
      65,
      1,
      1
    ],
    [
      2,
      35,
      0
    ],
    [
      31,
      1,
      2
    ]
  ],
  "primary_model": "char",
  "val_macro_f1_word": 0.6155677143289565,
  "val_macro_f1_char": 0.6355355355355355
}