{
  "accuracy": 0.7391304347826086,
  "macro_f1": 0.6173486851208553,
  "ece": 0.06831924208644648,
  "brier": 0.34851013999214603,
  "labels": [
    "ai",
    "human",
    "post_edited_ai"
  ],
  "confusion_matrix": [
    [
      65,
      0,
      2
    ],
    [
      2,
      35,
      0
    ],
    [
      31,
      1,
      2
    ]
  ],
  "primary_model": "char",
  "val_macro_f1_word": 0.6036367692994199,
  "val_macro_f1_char": 0.6319455368535123
}